time_s,acceleration_ms2
0.0000000000,0.0037393584
0.0200000000,0.0036808907
0.0400000000,0.0036056407
0.0600000000,0.0036215632
0.0800000000,0.0037248806
0.1000000000,0.0039285047
0.1200000000,0.0042472317
0.1400000000,0.0046823991
0.1600000000,0.0050689957
0.1800000000,0.0049168490
0.2000000000,0.0036816824
0.2200000000,0.0013295733
0.2400000000,-0.0001925524
0.2600000000,0.0004522843
0.2800000000,0.0006972379
0.3000000000,-0.0004108410
0.3200000000,0.0001847775
0.3400000000,0.0020878648
0.3600000000,0.0011773684
0.3800000000,-0.0032323015
0.4000000000,-0.0069875311
0.4200000000,-0.0064097976
0.4400000000,-0.0014032785
0.4600000000,0.0071991998
0.4800000000,0.0127417788
0.5000000000,0.0084052121
0.5200000000,-0.0001196341
0.5400000000,-0.0051265902
0.5600000000,-0.0047871615
0.5800000000,0.0006106356
0.6000000000,0.0068911101
0.6200000000,0.0071095827
0.6400000000,0.0036627755
0.6600000000,0.0042299427
0.6800000000,0.0074178425
0.7000000000,0.0060462701
0.7200000000,0.0005399834
0.7400000000,-0.0016104528
0.7600000000,0.0012501124
0.7800000000,0.0062189136
0.8000000000,0.0069151938
0.8200000000,0.0006124970
0.8400000000,-0.0047730464
0.8600000000,-0.0027419660
0.8800000000,0.0025408195
0.9000000000,0.0030044139
0.9200000000,-0.0045815296
0.9400000000,-0.0140507761
0.9600000000,-0.0142301922
0.9800000000,-0.0078650727
1.0000000000,0.0022683331
1.0200000000,0.0215755770
1.0400000000,0.0374851830
1.0600000000,0.0303291824
1.0800000000,0.0146472655
1.1000000000,0.0112707870
1.1200000000,0.0017551735
1.1400000000,-0.0258936716
1.1600000000,-0.0517808474
1.1800000000,-0.0525940245
1.2000000000,-0.0280570195
1.2200000000,0.0026671722
1.2400000000,0.0326745288
1.2600000000,0.0534998224
1.2800000000,0.0534165180
1.3000000000,0.0443008376
1.3200000000,0.0340379668
1.3400000000,0.0171421621
1.3600000000,-0.0060595161
1.3800000000,-0.0262307657
1.4000000000,-0.0313201306
1.4200000000,-0.0181004722
1.4400000000,0.0118366026
1.4600000000,0.0413076059
1.4800000000,0.0537855653
1.5000000000,0.0429381894
1.5200000000,0.0279917597
1.5400000000,0.0497958120
1.5600000000,0.0756756508
1.5800000000,0.0490219333
1.6000000000,-0.0022495952
1.6200000000,-0.0193861221
1.6400000000,0.0128933591
1.6600000000,0.0497938059
1.6800000000,0.0230307416
1.7000000000,-0.0475071121
1.7200000000,-0.0843865616
1.7400000000,-0.0583804445
1.7600000000,0.0133161837
1.7800000000,0.0614998897
1.8000000000,0.0565634856
1.8200000000,0.0562595392
1.8400000000,0.0763457678
1.8600000000,0.0958067370
1.8800000000,0.1179931461
1.9000000000,0.1138528451
1.9200000000,0.0761254414
1.9400000000,0.0247925267
1.9600000000,-0.0477327984
1.9800000000,-0.0936783817
2.0000000000,-0.0789522807
2.0200000000,-0.0552446814
2.0400000000,-0.0321427104
2.0600000000,0.0002775545
2.0800000000,-0.0025966898
2.1000000000,-0.0118930439
2.1200000000,0.0058478791
2.1400000000,0.0207742193
2.1600000000,0.0406748162
2.1800000000,0.0681762981
2.2000000000,0.0878187117
2.2200000000,0.0603926476
2.2400000000,-0.0040899484
2.2600000000,-0.0687353008
2.2800000000,-0.1185199887
2.3000000000,-0.0878934755
2.3200000000,-0.0329318559
2.3400000000,-0.0830973701
2.3600000000,-0.1535959903
2.3800000000,-0.1353738782
2.4000000000,-0.1717853228
2.4200000000,-0.3056525782
2.4400000000,-0.3206418573
2.4600000000,-0.2286196412
2.4800000000,-0.1742750493
2.5000000000,-0.1239166605
2.5200000000,-0.0366311249
2.5400000000,0.0706769553
2.5600000000,0.1565726492
2.5800000000,0.1506049190
2.6000000000,-0.0215323769
2.6200000000,-0.1997347384
2.6400000000,-0.2146467065
2.6600000000,-0.2209593509
2.6800000000,-0.2232273177
2.7000000000,-0.1557676303
2.7200000000,-0.1378446121
2.7400000000,-0.1025378951
2.7600000000,0.0596112016
2.7800000000,0.1866678784
2.8000000000,0.1790500564
2.8200000000,0.1488128653
2.8400000000,0.1176746199
2.8600000000,0.0829721592
2.8800000000,0.0453448133
2.9000000000,-0.0624017206
2.9200000000,-0.1231526552
2.9400000000,-0.0516515145
2.9600000000,-0.0060619741
2.9800000000,0.0556380472
3.0000000000,0.2346298744
3.0200000000,0.3314892873
3.0400000000,0.2364901321
3.0600000000,0.0943019606
3.0800000000,0.0250672253
3.1000000000,-0.0089279434
3.1200000000,-0.1639708108
3.1400000000,-0.3798488122
3.1600000000,-0.4044490593
3.1800000000,-0.2290769311
3.2000000000,-0.0018526963
3.2200000000,0.1754060814
3.2400000000,0.2189848402
3.2600000000,0.1340253788
3.2800000000,0.0656225435
3.3000000000,0.1690346375
3.3200000000,0.3458136126
3.3400000000,0.3819175071
3.3600000000,0.3488353756
3.3800000000,0.3948089729
3.4000000000,0.4249204621
3.4200000000,0.2825167709
3.4400000000,0.0351602487
3.4600000000,-0.2420197462
3.4800000000,-0.3582706030
3.5000000000,-0.1758480691
3.5200000000,-0.0979612416
3.5400000000,-0.1257594484
3.5600000000,-0.0615200982
3.5800000000,-0.0406816158
3.6000000000,0.0693528437
3.6200000000,0.1500570323
3.6400000000,-0.0031840155
3.6600000000,-0.1281407929
3.6800000000,-0.1739989341
3.7000000000,-0.3111713997
3.7200000000,-0.3947733018
3.7400000000,-0.2736897299
3.7600000000,-0.1517321680
3.7800000000,-0.1746731567
3.8000000000,-0.2655026260
3.8200000000,-0.3997938388
3.8400000000,-0.5498259120
3.8600000000,-0.6339514538
3.8800000000,-0.6681353812
3.9000000000,-0.7082069533
3.9200000000,-0.6502567765
3.9400000000,-0.5976297122
3.9600000000,-0.6049380873
3.9800000000,-0.5244004415
4.0000000000,-0.4038496960
4.0200000000,-0.1491205438
4.0400000000,0.2011181085
4.0600000000,0.3527847104
4.0800000000,0.1675878570
4.1000000000,-0.2527503670
4.1200000000,-0.3987505104
4.1400000000,-0.1805018271
4.1600000000,-0.1380768991
4.1800000000,-0.2048694940
4.2000000000,-0.2222205831
4.2200000000,-0.2957756621
4.2400000000,-0.3304265151
4.2600000000,-0.3629236550
4.2800000000,-0.3665588411
4.3000000000,-0.1787818742
4.3200000000,0.0694796155
4.3400000000,0.1821709050
4.3600000000,0.2698494253
4.3800000000,0.4224622528
4.4000000000,0.4864773626
4.4200000000,0.4833874826
4.4400000000,0.5375193471
4.4600000000,0.4964684972
4.4800000000,0.4465984972
4.5000000000,0.4576893939
4.5200000000,0.3262473066
4.5400000000,0.2483681856
4.5600000000,0.3489693273
4.5800000000,0.3029660166
4.6000000000,-0.1055501868
4.6200000000,-0.5252091957
4.6400000000,-0.5867263437
4.6600000000,-0.4375891041
4.6800000000,-0.1835380091
4.7000000000,0.0022993344
4.7200000000,-0.0248448195
4.7400000000,0.0373470279
4.7600000000,0.2252927280
4.7800000000,0.1858421702
4.8000000000,-0.0527336046
4.8200000000,0.0707517309
4.8400000000,0.5014672483
4.8600000000,0.7791503116
4.8800000000,0.9606323538
4.9000000000,0.9682540993
4.9200000000,0.8221556561
4.9400000000,0.5678558953
4.9600000000,0.3170860872
4.9800000000,0.3210667624
5.0000000000,0.4745615355
5.0200000000,0.6855420996
5.0400000000,0.7957645165
5.0600000000,0.5997949456
5.0800000000,0.0627126799
5.1000000000,-0.2710353355
5.1200000000,-0.0189660680
5.1400000000,0.2429250253
5.1600000000,0.2070971293
5.1800000000,0.1910318853
5.2000000000,0.1983827730
5.2200000000,-0.2170391200
5.2400000000,-0.7229258039
5.2600000000,-0.5644407524
5.2800000000,-0.1448017370
5.3000000000,-0.0141457911
5.3200000000,0.1189144919
5.3400000000,0.3128366003
5.3600000000,0.3765215188
5.3800000000,0.5956227154
5.4000000000,0.6594952528
5.4200000000,0.0771066941
5.4400000000,-0.5334967009
5.4600000000,-0.7171143975
5.4800000000,-0.4678738622
5.5000000000,-0.0729758232
5.5200000000,0.1443188792
5.5400000000,0.1060061271
5.5600000000,-0.2734254503
5.5800000000,-0.7497328693
5.6000000000,-1.0159764235
5.6200000000,-0.8208470544
5.6400000000,-0.1868722043
5.6600000000,0.6427914614
5.6800000000,1.4148122450
5.7000000000,1.7717326764
5.7200000000,1.8732240785
5.7400000000,1.9170883682
5.7600000000,1.3483576332
5.7800000000,-0.0265731658
5.8000000000,-1.2222896470
5.8200000000,-1.4050497576
5.8400000000,-1.0434659438
5.8600000000,-0.8313229873
5.8800000000,-0.9021759912
5.9000000000,-1.2339856026
5.9200000000,-1.2367410880
5.9400000000,-0.5445284312
5.9600000000,0.2956947861
5.9800000000,1.1486566688
6.0000000000,1.5466026218
6.0200000000,1.0810896459
6.0400000000,0.4273351071
6.0600000000,-0.1269892890
6.0800000000,-0.3112688296
6.1000000000,0.2984733972
6.1200000000,1.1697729203
6.1400000000,1.5137434936
6.1600000000,1.1332579304
6.1800000000,0.4790850667
6.2000000000,0.1515371724
6.2200000000,0.0503136508
6.2400000000,-0.2444624582
6.2600000000,-0.4335603301
6.2800000000,-0.2412899877
6.3000000000,-0.2164184044
6.3200000000,-0.6623696951
6.3400000000,-1.0593820622
6.3600000000,-1.1420124302
6.3800000000,-1.0541476029
6.4000000000,-0.5117403020
6.4200000000,-0.0472391210
6.4400000000,-0.3285957233
6.4600000000,-0.7544658300
6.4800000000,-0.7476013142
6.5000000000,-0.3480038495
6.5200000000,0.3347618172
6.5400000000,1.0870210486
6.5600000000,1.4445828324
6.5800000000,1.2671934007
6.6000000000,0.8634540480
6.6200000000,0.6714154244
6.6400000000,0.6196490307
6.6600000000,0.3856533418
6.6800000000,-0.0767032055
6.7000000000,-0.5132774431
6.7200000000,-0.7770535288
6.7400000000,-0.7528445918
6.7600000000,-0.1568391481
6.7800000000,0.4216741664
6.8000000000,0.4697470424
6.8200000000,0.2983993020
6.8400000000,0.1105479561
6.8600000000,-0.1720784226
6.8800000000,-0.4536866496
6.9000000000,-0.5315624005
6.9200000000,-0.7062202884
6.9400000000,-0.8880365864
6.9600000000,-0.4329028606
6.9800000000,0.5879717728
7.0000000000,1.1922976823
7.0200000000,1.0573868124
7.0400000000,0.7852929924
7.0600000000,0.6831028857
7.0800000000,0.6560996406
7.1000000000,0.2666903757
7.1200000000,-0.3936960983
7.1400000000,-0.7023191499
7.1600000000,-0.7187019866
7.1800000000,-0.8945190349
7.2000000000,-0.9544154257
7.2200000000,-0.5166825677
7.2400000000,0.1505726314
7.2600000000,0.5726361027
7.2800000000,0.4451919760
7.3000000000,0.1973392818
7.3200000000,0.2404070178
7.3400000000,0.3138655175
7.3600000000,0.0379910055
7.3800000000,-0.1601502831
7.4000000000,0.3061092632
7.4200000000,0.6069951401
7.4400000000,0.3641270218
7.4600000000,0.1022259855
7.4800000000,-0.2260809341
7.5000000000,-0.2988815106
7.5200000000,-0.0392217259
7.5400000000,0.0594202732
7.5600000000,0.1264817074
7.5800000000,0.2477939436
7.6000000000,0.3448557104
7.6200000000,0.2092186803
7.6400000000,-0.4169308354
7.6600000000,-0.9550946305
7.6800000000,-0.8863665725
7.7000000000,-0.6053274557
7.7200000000,-0.4172707656
7.7400000000,-0.2167065701
7.7600000000,0.0787465105
7.7800000000,0.3027975899
7.8000000000,0.0931416794
7.8200000000,-0.3085905418
7.8400000000,-0.3419858233
7.8600000000,-0.0964727926
7.8800000000,0.2841813103
7.9000000000,0.6985047643
7.9200000000,0.8165682511
7.9400000000,0.5349412759
7.9600000000,0.0044264694
7.9800000000,-0.3489001877
8.0000000000,-0.3602444182
8.0200000000,-0.4196643411
8.0400000000,-0.6972127967
8.0600000000,-0.8659988892
8.0800000000,-0.6250614844
8.1000000000,-0.0823222286
8.1200000000,0.3350086170
8.1400000000,0.2405003242
8.1600000000,-0.4466373958
8.1800000000,-1.1259907272
8.2000000000,-1.2493900272
8.2200000000,-0.8387958053
8.2400000000,0.0329455062
8.2600000000,0.7307414178
8.2800000000,0.8166088120
8.3000000000,0.5624881538
8.3200000000,0.0527392842
8.3400000000,-0.6113614704
8.3600000000,-1.2099057067
8.3800000000,-1.6467112065
8.4000000000,-1.9282561408
8.4200000000,-1.8643176447
8.4400000000,-1.2693317090
8.4600000000,-0.8005357240
8.4800000000,-0.8579192100
8.5000000000,-0.8762444774
8.5200000000,-0.6632195184
8.5400000000,-0.4512746265
8.5600000000,-0.2091998908
8.5800000000,0.1297441708
8.6000000000,0.4782610997
8.6200000000,0.9639984450
8.6400000000,1.4655899085
8.6600000000,1.4836428582
8.6800000000,0.7876892829
8.7000000000,-0.2791804792
8.7200000000,-0.9633989922
8.7400000000,-1.1327015667
8.7600000000,-1.0950809007
8.7800000000,-0.7996881669
8.8000000000,-0.4105036068
8.8200000000,-0.3570655268
8.8400000000,-0.6075543255
8.8600000000,-1.0695214687
8.8800000000,-1.5156492559
8.9000000000,-1.2112328539
8.9200000000,-0.3138488601
8.9400000000,0.3582142118
8.9600000000,0.7308897999
8.9800000000,1.1680506076
9.0000000000,1.3895015031
9.0200000000,1.0583381288
9.0400000000,0.7345070498
9.0600000000,0.3916322707
9.0800000000,-0.3970587489
9.1000000000,-1.2000408240
9.1200000000,-1.3248696419
9.1400000000,-0.8218044323
9.1600000000,-0.3929007732
9.1800000000,-0.2683776761
9.2000000000,-0.1281330232
9.2200000000,0.0990019385
9.2400000000,0.0919273826
9.2600000000,-0.2287561158
9.2800000000,-0.4774002429
9.3000000000,-0.2549806408
9.3200000000,0.1177667871
9.3400000000,0.0094343060
9.3600000000,-0.2917986093
9.3800000000,-0.2913816572
9.4000000000,-0.0494990359
9.4200000000,0.3354975847
9.4400000000,0.6360149813
9.4600000000,0.8871233032
9.4800000000,1.1996187711
9.5000000000,1.3710320178
9.5200000000,1.4729805068
9.5400000000,1.3942245346
9.5600000000,1.0491688356
9.5800000000,0.5593830334
9.6000000000,-0.0491500265
9.6200000000,-0.3212561066
9.6400000000,-0.0593848746
9.6600000000,0.4557431092
9.6800000000,1.0297315286
9.7000000000,1.3809360183
9.7200000000,1.3272090057
9.7400000000,0.7844703990
9.7600000000,0.3837595449
9.7800000000,0.5730042535
9.8000000000,0.5269530242
9.8200000000,0.1560898013
9.8400000000,0.1319400618
9.8600000000,0.0219730939
9.8800000000,-0.7455742848
9.9000000000,-1.6058169913
9.9200000000,-1.6642776306
9.9400000000,-0.8081043162
9.9600000000,-0.0409918130
9.9800000000,0.0702971305
10.0000000000,0.2514077604
10.0200000000,0.8528256862
10.0400000000,1.2265989374
10.0600000000,1.1774412951
10.0800000000,1.1161055288
10.1000000000,1.2557088015
10.1200000000,1.3528078495
10.1400000000,1.0916076963
10.1600000000,0.3529131898
10.1800000000,-0.5858332869
10.2000000000,-1.1019908915
10.2200000000,-1.0085229668
10.2400000000,-0.4845809361
10.2600000000,-0.1047158305
10.2800000000,-0.0519654040
10.3000000000,0.1683786186
10.3200000000,0.2564003407
10.3400000000,-0.0597230243
10.3600000000,-0.1453420005
10.3800000000,-0.0227675574
10.4000000000,0.1255439598
10.4200000000,0.5962191933
10.4400000000,1.0698562247
10.4600000000,1.1581419994
10.4800000000,0.8740477421
10.5000000000,0.4426911616
10.5200000000,0.3687103354
10.5400000000,0.5901910417
10.5600000000,0.6369144611
10.5800000000,0.5942748552
10.6000000000,0.5637711415
10.6200000000,0.4394267208
10.6400000000,0.2018274555
10.6600000000,-0.0531696188
10.6800000000,-0.3045754145
10.7000000000,-0.7982404460
10.7200000000,-1.3148490536
10.7400000000,-1.1532327935
10.7600000000,-0.2401584080
10.7800000000,0.8845755092
10.8000000000,1.4613416633
10.8200000000,1.2282877009
10.8400000000,0.8462480109
10.8600000000,0.5762458879
10.8800000000,0.2914356889
10.9000000000,-0.0589683829
10.9200000000,-0.3937103589
10.9400000000,-0.4238119239
10.9600000000,-0.4626996396
10.9800000000,-0.6137943212
11.0000000000,-0.4840755978
11.0200000000,-0.4133027496
11.0400000000,-0.7374668966
11.0600000000,-0.9161266707
11.0800000000,-0.6286292975
11.1000000000,-0.3728312944
11.1200000000,-0.2036510913
11.1400000000,0.1675854512
11.1600000000,0.6029839072
11.1800000000,0.7841054225
11.2000000000,0.3101407886
11.2200000000,-0.5969031621
11.2400000000,-1.2780800440
11.2600000000,-1.3504304003
11.2800000000,-0.9270265489
11.3000000000,-0.4381549042
11.3200000000,-0.1047006976
11.3400000000,-0.0230980909
11.3600000000,-0.1239939927
11.3800000000,-0.0193009249
11.4000000000,0.5010142878
11.4200000000,0.8764161559
11.4400000000,0.8121781248
11.4600000000,0.6912154988
11.4800000000,0.3268881138
11.5000000000,-0.0610911070
11.5200000000,0.0901685329
11.5400000000,0.2114937587
11.5600000000,0.0898473554
11.5800000000,0.0414059883
11.6000000000,0.0280341821
11.6200000000,-0.0938555292
11.6400000000,-0.3989200973
11.6600000000,-0.5120532202
11.6800000000,-0.4507162280
11.7000000000,-0.4724480052
11.7200000000,-0.4466466347
11.7400000000,-0.5555620679
11.7600000000,-0.8152586265
11.7800000000,-1.0180239633
11.8000000000,-1.0790374796
11.8200000000,-0.7185236716
11.8400000000,0.0181261342
11.8600000000,0.4618496737
11.8800000000,0.1973844374
11.9000000000,-0.3352770983
11.9200000000,-0.5920064569
11.9400000000,-0.4834402007
11.9600000000,-0.4330387926
11.9800000000,-0.5591635662
12.0000000000,-0.1053508713
12.0200000000,0.6322097612
12.0400000000,0.8071985142
12.0600000000,0.8961952828
12.0800000000,1.0486500487
12.1000000000,0.7605806768
12.1200000000,0.2233875853
12.1400000000,-0.3075911939
12.1600000000,-0.7144420604
12.1800000000,-0.6016860523
12.2000000000,-0.1269203292
12.2200000000,0.2196398553
12.2400000000,0.3926895703
12.2600000000,0.2985940329
12.2800000000,-0.1507169142
12.3000000000,-0.7821143604
12.3200000000,-1.2417098985
12.3400000000,-1.0832360860
12.3600000000,-0.4343878586
12.3800000000,-0.0063111694
12.4000000000,0.0408437068
12.4200000000,0.0543330074
12.4400000000,0.0755426573
12.4600000000,-0.1483298657
12.4800000000,-0.4837750477
12.5000000000,-0.5094237375
12.5200000000,-0.7080800363
12.5400000000,-1.1652168490
12.5600000000,-0.8712399455
12.5800000000,0.0558462546
12.6000000000,0.6213741604
12.6200000000,0.7859703454
12.6400000000,1.0404631314
12.6600000000,1.2514336021
12.6800000000,1.0767542412
12.7000000000,0.9558247917
12.7200000000,0.9427781608
12.7400000000,0.3141590829
12.7600000000,-0.7103892611
12.7800000000,-1.3629803118
12.8000000000,-1.2374882221
12.8200000000,-0.4839528410
12.8400000000,0.3171055181
12.8600000000,0.7980928232
12.8800000000,1.0008073694
12.9000000000,1.0528301189
12.9200000000,0.9179404740
12.9400000000,0.9370133695
12.9600000000,1.0882109608
12.9800000000,0.6308667518
13.0000000000,-0.5944861047
13.0200000000,-1.5994828342
13.0400000000,-1.2568669654
13.0600000000,-0.0401884138
13.0800000000,1.1850059221
13.1000000000,2.1133678682
13.1200000000,2.4525000000
13.1400000000,2.1739148084
13.1600000000,1.4791527419
13.1800000000,0.8343909333
13.2000000000,0.4020890536
13.2200000000,-0.0739190154
13.2400000000,-0.5283694994
13.2600000000,-0.8046900919
13.2800000000,-1.0687302833
13.3000000000,-1.3799277009
13.3200000000,-1.3587317371
13.3400000000,-0.7003587907
13.3600000000,0.0363043096
13.3800000000,0.1256015362
13.4000000000,-0.2361962719
13.4200000000,-0.3868714968
13.4400000000,-0.3389211173
13.4600000000,-0.7053608887
13.4800000000,-1.1639749868
13.5000000000,-1.0324291030
13.5200000000,-0.6388391875
13.5400000000,-0.4233092535
13.5600000000,-0.2803049977
13.5800000000,0.0706290051
13.6000000000,0.6490869256
13.6200000000,1.1120056050
13.6400000000,1.1140479069
13.6600000000,0.5217238590
13.6800000000,-0.2707753034
13.7000000000,-0.4153966534
13.7200000000,0.1321921129
13.7400000000,0.5159351677
13.7600000000,0.3728768878
13.7800000000,0.3104933314
13.8000000000,0.5395974493
13.8200000000,0.4809383619
13.8400000000,0.2806581784
13.8600000000,0.3227300391
13.8800000000,0.1397498136
13.9000000000,-0.4896751425
13.9200000000,-1.0007583552
13.9400000000,-1.1568136332
13.9600000000,-1.0014681401
13.9800000000,-0.6402134774
14.0000000000,-0.2833972857
14.0200000000,-0.1121182627
14.0400000000,-0.6276143105
14.0600000000,-1.3307835011
14.0800000000,-1.0180629342
14.1000000000,-0.1010804630
14.1200000000,0.6288395030
14.1400000000,1.0352757051
14.1600000000,0.7110718042
14.1800000000,0.0335372894
14.2000000000,-0.1153921312
14.2200000000,0.3347084749
14.2400000000,0.7944301681
14.2600000000,0.8860887003
14.2800000000,1.0810331320
14.3000000000,1.2820850306
14.3200000000,0.8882424219
14.3400000000,0.0033365716
14.3600000000,-0.9278272042
14.3800000000,-1.2234690681
14.4000000000,-0.8705290135
14.4200000000,-0.4892815715
14.4400000000,-0.1549376418
14.4600000000,0.1830021418
14.4800000000,0.4194155026
14.5000000000,0.7672604614
14.5200000000,1.3551629489
14.5400000000,1.5018154776
14.5600000000,0.8439230255
14.5800000000,0.0310989235
14.6000000000,-0.3106276804
14.6200000000,-0.2841109995
14.6400000000,-0.6631511433
14.6600000000,-1.5858748327
14.6800000000,-2.0521172163
14.7000000000,-1.5661334731
14.7200000000,-0.7839554117
14.7400000000,-0.3087451057
14.7600000000,-0.2488705140
14.7800000000,-0.4290350281
14.8000000000,-0.3489733207
14.8200000000,-0.0125090111
14.8400000000,0.1831378654
14.8600000000,0.4482276885
14.8800000000,0.5439515143
14.9000000000,0.1636756498
14.9200000000,0.0225173776
14.9400000000,0.2965302302
14.9600000000,0.4881153034
14.9800000000,0.4884069470
15.0000000000,0.3345274320
15.0200000000,0.2714102055
15.0400000000,0.8939044431
15.0600000000,1.5836287423
15.0800000000,1.0784956345
15.1000000000,0.3333589220
15.1200000000,0.3715318693
15.1400000000,0.3223498471
15.1600000000,-0.0242889787
15.1800000000,-0.0896048203
15.2000000000,0.3878280454
15.2200000000,0.9357138536
15.2400000000,0.8889340593
15.2600000000,0.4327352972
15.2800000000,-0.0238470145
15.3000000000,-0.4644201874
15.3200000000,-0.7971155225
15.3400000000,-0.6768091028
15.3600000000,-0.4182744080
15.3800000000,-0.5769468460
15.4000000000,-0.7747742206
15.4200000000,-0.3036797290
15.4400000000,0.3754592196
15.4600000000,0.3749643557
15.4800000000,-0.1528018066
15.5000000000,-0.4894173113
15.5200000000,-0.3801362315
15.5400000000,-0.4184769181
15.5600000000,-1.0642831479
15.5800000000,-1.9376561848
15.6000000000,-2.2924187701
15.6200000000,-1.8806732867
15.6400000000,-0.8967756965
15.6600000000,-0.0467922893
15.6800000000,0.1323060432
15.7000000000,0.2346944987
15.7200000000,0.4568052438
15.7400000000,0.4540619156
15.7600000000,0.1708260989
15.7800000000,-0.2110288301
15.8000000000,-0.4227049924
15.8200000000,-0.5845197190
15.8400000000,-0.5724305032
15.8600000000,-0.1205957973
15.8800000000,0.1051377693
15.9000000000,-0.1138907843
15.9200000000,-0.0632795910
15.9400000000,0.3683624313
15.9600000000,0.6084371229
15.9800000000,0.1762919904
16.0000000000,-0.3203857790
16.0200000000,-0.3199115745
16.0400000000,-0.1462753492
16.0600000000,0.1953198208
16.0800000000,0.8239493911
16.1000000000,1.4001491581
16.1200000000,1.2059281905
16.1400000000,0.3070440379
16.1600000000,-0.4467132915
16.1800000000,-0.4726862508
16.2000000000,0.1431277470
16.2200000000,0.6217874485
16.2400000000,0.4926396302
16.2600000000,0.1204234663
16.2800000000,0.0819807419
16.3000000000,0.1982647688
16.3200000000,0.3080524587
16.3400000000,0.7284664465
16.3600000000,0.8613984638
16.3800000000,0.3061093661
16.4000000000,-0.1123206995
16.4200000000,-0.2328870960
16.4400000000,-0.4189507121
16.4600000000,-0.5382950270
16.4800000000,-0.5722885900
16.5000000000,-0.5638901011
16.5200000000,-0.6295658032
16.5400000000,-0.8694247970
16.5600000000,-0.8535203271
16.5800000000,-0.4529063299
16.6000000000,0.0156419151
16.6200000000,0.6136976642
16.6400000000,1.0708725951
16.6600000000,1.0492922560
16.6800000000,0.8396712029
16.7000000000,0.3572725723
16.7200000000,-0.5023017468
16.7400000000,-1.1587801522
16.7600000000,-1.1532118920
16.7800000000,-0.7113751458
16.8000000000,-0.5006866113
16.8200000000,-0.6603329345
16.8400000000,-0.9201980683
16.8600000000,-0.9927132879
16.8800000000,-1.0582329194
16.9000000000,-1.3479124237
16.9200000000,-0.9527422423
16.9400000000,-0.0551189218
16.9600000000,0.4320068682
16.9800000000,0.8370094943
17.0000000000,1.1704772333
17.0200000000,1.4128880642
17.0400000000,1.7882625915
17.0600000000,1.8513920420
17.0800000000,1.4159730825
17.1000000000,1.0599844931
17.1200000000,1.0770543644
17.1400000000,1.1518493792
17.1600000000,0.8787400503
17.1800000000,-0.1448469131
17.2000000000,-1.2748734916
17.2200000000,-1.5165445019
17.2400000000,-1.1785654011
17.2600000000,-0.6063135892
17.2800000000,0.1226610011
17.3000000000,0.4644328651
17.3200000000,0.3568819079
17.3400000000,0.1529994933
17.3600000000,-0.0863643969
17.3800000000,-0.1980530851
17.4000000000,-0.1125817705
17.4200000000,-0.3572631046
17.4400000000,-1.2156533901
17.4600000000,-1.5567203433
17.4800000000,-0.8838851747
17.5000000000,-0.3784377310
17.5200000000,-0.3467747747
17.5400000000,-0.2772736742
17.5600000000,-0.0215144739
17.5800000000,0.2032197525
17.6000000000,0.2283561245
17.6200000000,0.3208072392
17.6400000000,0.5404045169
17.6600000000,0.5218568128
17.6800000000,0.0847333387
17.7000000000,-0.2961398501
17.7200000000,-0.2603804333
17.7400000000,0.1921090754
17.7600000000,0.5817464146
17.7800000000,0.2815059804
17.8000000000,-0.2291076696
17.8200000000,-0.3908666787
17.8400000000,-0.3329791814
17.8600000000,-0.2268212429
17.8800000000,-0.0351101261
17.9000000000,0.3149748192
17.9200000000,0.8094864000
17.9400000000,1.2306976602
17.9600000000,1.1190178527
17.9800000000,0.6569550608
18.0000000000,0.2022006633
18.0200000000,-0.3039205774
18.0400000000,-0.5619414197
18.0600000000,-0.5289458701
18.0800000000,-0.3481719421
18.1000000000,0.1694554699
18.1200000000,0.6048567767
18.1400000000,0.2898987019
18.1600000000,-0.2557667023
18.1800000000,-0.0515213948
18.2000000000,0.5865836509
18.2200000000,0.7911863101
18.2400000000,0.6461460250
18.2600000000,0.5744965914
18.2800000000,0.4198589296
18.3000000000,0.0123172184
18.3200000000,-0.2743416760
18.3400000000,-0.2646014745
18.3600000000,-0.1280977922
18.3800000000,-0.0314891853
18.4000000000,-0.3772644747
18.4200000000,-1.0078591120
18.4400000000,-1.0840350078
18.4600000000,-0.5156152285
18.4800000000,-0.2097853410
18.5000000000,-0.3821493606
18.5200000000,-0.2393845672
18.5400000000,0.1144438344
18.5600000000,0.1514384929
18.5800000000,0.0228491342
18.6000000000,0.0193038451
18.6200000000,-0.0784182823
18.6400000000,-0.3820162224
18.6600000000,-0.3511164298
18.6800000000,-0.1296815678
18.7000000000,-0.1490214316
18.7200000000,-0.3711814741
18.7400000000,-0.8096230765
18.7600000000,-1.0730728048
18.7800000000,-0.4740357109
18.8000000000,0.7108781279
18.8200000000,1.5213767863
18.8400000000,1.7074265023
18.8600000000,1.5166941629
18.8800000000,0.8892622442
18.9000000000,-0.0136052119
18.9200000000,-0.7104565089
18.9400000000,-0.8207735931
18.9600000000,-0.1753994488
18.9800000000,0.3512306795
19.0000000000,0.3555297069
19.0200000000,0.6174488559
19.0400000000,0.9584395943
19.0600000000,1.0049928311
19.0800000000,0.7428151493
19.1000000000,0.3770170756
19.1200000000,0.0664045455
19.1400000000,-0.3496459004
19.1600000000,-0.4483976867
19.1800000000,-0.2157063131
19.2000000000,0.2512511299
19.2200000000,0.8644489149
19.2400000000,1.0270367946
19.2600000000,0.7820394398
19.2800000000,0.3591369956
19.3000000000,-0.1630164359
19.3200000000,-0.4684081226
19.3400000000,-0.6631842955
19.3600000000,-0.8343943959
19.3800000000,-0.2958673045
19.4000000000,0.7984665085
19.4200000000,1.2912374773
19.4400000000,1.2787903253
19.4600000000,1.3199859362
19.4800000000,0.7989787395
19.5000000000,-0.2688962245
19.5200000000,-1.0149021900
19.5400000000,-1.1463947407
19.5600000000,-1.0098679209
19.5800000000,-0.9605030846
19.6000000000,-0.6755363679
19.6200000000,-0.3197053010
19.6400000000,-0.4106754641
19.6600000000,-0.3855596823
19.6800000000,0.2667534070
19.7000000000,0.9396592247
19.7200000000,1.2794154145
19.7400000000,1.6785903581
19.7600000000,1.8884613952
19.7800000000,1.4285751160
19.8000000000,0.5709418878
19.8200000000,0.0564272768
19.8400000000,-0.0775356106
19.8600000000,-0.4501266098
19.8800000000,-0.6215279535
19.9000000000,-0.2565870704
19.9200000000,0.1261190309
19.9400000000,0.3667006288
19.9600000000,0.5971321349
19.9800000000,1.0709198430
20.0000000000,1.5218719910
20.0200000000,1.2402662773
20.0400000000,0.6636031515
20.0600000000,0.2965731019
20.0800000000,-0.3666950804
20.1000000000,-1.1299469823
20.1200000000,-1.3980985049
20.1400000000,-1.2678721317
20.1600000000,-1.2168621153
20.1800000000,-1.2712854894
20.2000000000,-0.7500141203
20.2200000000,0.0394232386
20.2400000000,0.0620855051
20.2600000000,-0.0419274351
20.2800000000,0.1356878757
20.3000000000,-0.1906246056
20.3200000000,-0.6322073253
20.3400000000,-0.6111683017
20.3600000000,-0.4617375013
20.3800000000,-0.2811186886
20.4000000000,0.0080711803
20.4200000000,0.1703476693
20.4400000000,0.1858513588
20.4600000000,0.0074087069
20.4800000000,-0.3694741995
20.5000000000,-0.3877168024
20.5200000000,-0.0114332047
20.5400000000,0.4723464912
20.5600000000,0.7192428625
20.5800000000,0.1448654192
20.6000000000,-0.6572481364
20.6200000000,-0.7766617464
20.6400000000,-0.3645662433
20.6600000000,0.0145715769
20.6800000000,0.0660897364
20.7000000000,-0.1333832080
20.7200000000,-0.3193656693
20.7400000000,-0.3018924661
20.7600000000,-0.1031007570
20.7800000000,-0.1003485702
20.8000000000,-0.5547249328
20.8200000000,-1.0422545490
20.8400000000,-1.2719136954
20.8600000000,-1.2725710208
20.8800000000,-0.9512986926
20.9000000000,-0.3882795376
20.9200000000,-0.0085389943
20.9400000000,-0.0281064231
20.9600000000,-0.2091150378
20.9800000000,-0.3504924687
21.0000000000,-0.2655006469
21.0200000000,-0.0407397621
21.0400000000,0.0512354487
21.0600000000,0.0674095355
21.0800000000,0.0812143637
21.1000000000,-0.0665560645
21.1200000000,-0.2879872655
21.1400000000,-0.2074138636
21.1600000000,-0.0131739751
21.1800000000,-0.0339819042
21.2000000000,-0.0400535996
21.2200000000,0.4517640678
21.2400000000,1.1722393183
21.2600000000,1.3882858809
21.2800000000,0.7444930870
21.3000000000,-0.4245587246
21.3200000000,-1.1019909202
21.3400000000,-1.0710738236
21.3600000000,-0.7011058426
21.3800000000,-0.4237052649
21.4000000000,-0.6031899773
21.4200000000,-0.6040731536
21.4400000000,-0.0746972674
21.4600000000,0.2449417332
21.4800000000,0.2275801608
21.5000000000,0.2731106473
21.5200000000,0.4413559299
21.5400000000,0.3955628516
21.5600000000,-0.2790767060
21.5800000000,-0.9841166199
21.6000000000,-1.0411360577
21.6200000000,-0.4129231295
21.6400000000,0.4271940932
21.6600000000,0.2962581656
21.6800000000,-0.4034797729
21.7000000000,-0.2854114740
21.7200000000,0.5017454423
21.7400000000,1.3291230949
21.7600000000,1.5954910033
21.7800000000,1.0562831362
21.8000000000,0.4827663870
21.8200000000,0.3940003257
21.8400000000,0.5015681210
21.8600000000,0.5269585310
21.8800000000,0.4440482542
21.9000000000,0.3361325220
21.9200000000,0.0789338795
21.9400000000,-0.3708905462
21.9600000000,-0.6748019188
21.9800000000,-0.7415506540
22.0000000000,-0.3816665255
22.0200000000,0.3272189173
22.0400000000,0.6244401809
22.0600000000,0.2032852516
22.0800000000,-0.5060566465
22.1000000000,-0.4125621671
22.1200000000,0.4024233566
22.1400000000,0.5739477661
22.1600000000,-0.1891378685
22.1800000000,-0.8721900925
22.2000000000,-0.6252835464
22.2200000000,-0.3121414073
22.2400000000,-0.4984360330
22.2600000000,-0.2686729863
22.2800000000,0.6737991314
22.3000000000,1.2090937774
22.3200000000,0.4157653827
22.3400000000,-0.5998695988
22.3600000000,-0.6148997426
22.3800000000,-0.1395845152
22.4000000000,0.2625826917
22.4200000000,0.4999356325
22.4400000000,0.2136443763
22.4600000000,-0.1927004979
22.4800000000,-0.2939201489
22.5000000000,-0.3696304820
22.5200000000,-0.3326913663
22.5400000000,-0.2491353721
22.5600000000,-0.1642560500
22.5800000000,0.1058145368
22.6000000000,0.2486231904
22.6200000000,-0.1177303463
22.6400000000,-0.6154280540
22.6600000000,-0.7455477471
22.6800000000,-0.7364005677
22.7000000000,-0.6477204190
22.7200000000,-0.3723974441
22.7400000000,-0.3643471418
22.7600000000,-0.5700569637
22.7800000000,-0.5312550501
22.8000000000,-0.4284766478
22.8200000000,-0.3027087926
22.8400000000,-0.0581471855
22.8600000000,0.0868954891
22.8800000000,0.0496596831
22.9000000000,-0.0552350682
22.9200000000,0.0181646105
22.9400000000,0.1018532370
22.9600000000,-0.1528797945
22.9800000000,-0.2844229835
23.0000000000,0.1649539565
23.0200000000,0.4264688995
23.0400000000,-0.0534142610
23.0600000000,-0.5504413771
23.0800000000,-0.4839602661
23.1000000000,0.0783392113
23.1200000000,0.8697030847
23.1400000000,1.4751227532
23.1600000000,1.6867811535
23.1800000000,1.3682533305
23.2000000000,0.6300695375
23.2200000000,0.0304460693
23.2400000000,-0.0981779468
23.2600000000,0.1317933178
23.2800000000,0.1132902430
23.3000000000,-0.1168509981
23.3200000000,-0.2515191682
23.3400000000,-0.1768077687
23.3600000000,0.2917627113
23.3800000000,0.5760496626
23.4000000000,0.4497542939
23.4200000000,0.3218294068
23.4400000000,0.2823895141
23.4600000000,0.3115804054
23.4800000000,0.2537939306
23.5000000000,0.0535321796
23.5200000000,-0.1862381029
23.5400000000,-0.6477536045
23.5600000000,-0.8392833725
23.5800000000,-0.1957444935
23.6000000000,0.4771222954
23.6200000000,0.6019940178
23.6400000000,0.2456984385
23.6600000000,-0.4123639693
23.6800000000,-0.5186487834
23.7000000000,-0.1765479752
23.7200000000,-0.0296994770
23.7400000000,0.2986178561
23.7600000000,0.3627220131
23.7800000000,-0.4467053045
23.8000000000,-0.9903474800
23.8200000000,-0.6949247276
23.8400000000,-0.4313565599
23.8600000000,-0.5165779076
23.8800000000,-0.6005823003
23.9000000000,-0.3938681105
23.9200000000,0.1620372750
23.9400000000,0.6933825673
23.9600000000,0.7945648954
23.9800000000,0.6061176755
24.0000000000,0.4334706123
24.0200000000,0.6689620307
24.0400000000,1.2918295230
24.0600000000,1.4892046301
24.0800000000,1.0148123737
24.1000000000,0.1226075810
24.1200000000,-0.7553726246
24.1400000000,-0.6229320448
24.1600000000,0.2556154026
24.1800000000,0.9554336501
24.2000000000,1.5487648824
24.2200000000,1.8761929422
24.2400000000,1.7807629953
24.2600000000,1.3397257387
24.2800000000,0.2712085201
24.3000000000,-0.9464200336
24.3200000000,-1.2904522805
24.3400000000,-0.9036110404
24.3600000000,-0.4540064427
24.3800000000,-0.0645547067
24.4000000000,0.0371032652
24.4200000000,-0.1655635322
24.4400000000,-0.2488507883
24.4600000000,-0.3264967115
24.4800000000,-0.6564328498
24.5000000000,-0.7054814502
24.5200000000,-0.1627031022
24.5400000000,0.0241109951
24.5600000000,-0.3850176358
24.5800000000,-0.6575085132
24.6000000000,-0.5523742573
24.6200000000,-0.0174654237
24.6400000000,0.2836043980
24.6600000000,0.0794570891
24.6800000000,0.1884778687
24.7000000000,0.4532354571
24.7200000000,0.1690177605
24.7400000000,-0.2840062476
24.7600000000,-0.4114074360
24.7800000000,-0.4922663286
24.8000000000,-0.4123235591
24.8200000000,0.0992523335
24.8400000000,0.4759284469
24.8600000000,0.4646078533
24.8800000000,0.3563186465
24.9000000000,0.0066397803
24.9200000000,-0.7501099311
24.9400000000,-1.3662022941
24.9600000000,-1.2097156497
24.9800000000,-0.7212293049
25.0000000000,-0.2181471104
25.0200000000,0.3810359060
25.0400000000,0.7065557048
25.0600000000,0.8023029377
25.0800000000,0.6877956628
25.1000000000,0.2138245009
25.1200000000,-0.3255862869
25.1400000000,-0.6101696283
25.1600000000,-0.7077263076
25.1800000000,-0.7864677469
25.2000000000,-0.6340991375
25.2200000000,-0.3466120854
25.2400000000,-0.4084410120
25.2600000000,-0.4203387355
25.2800000000,-0.0486120758
25.3000000000,-0.2038341493
25.3200000000,-0.8278373409
25.3400000000,-0.7575642172
25.3600000000,0.0068043431
25.3800000000,0.5734765412
25.4000000000,0.5555581231
25.4200000000,0.2624140872
25.4400000000,-0.2017129692
25.4600000000,-0.7482048998
25.4800000000,-0.8345153817
25.5000000000,-0.4577844416
25.5200000000,-0.1757890455
25.5400000000,-0.2103758849
25.5600000000,-0.0874371041
25.5800000000,0.5342317616
25.6000000000,1.4656054339
25.6200000000,2.1140072415
25.6400000000,2.1870578549
25.6600000000,2.3529487186
25.6800000000,2.1916516493
25.7000000000,1.1850036888
25.7200000000,0.1741378999
25.7400000000,-0.2244649462
25.7600000000,0.0432960840
25.7800000000,0.0222030012
25.8000000000,-0.6900537578
25.8200000000,-1.1052251054
25.8400000000,-0.8762458640
25.8600000000,-0.4250472770
25.8800000000,-0.1658409580
25.9000000000,0.0381609257
25.9200000000,0.1417837729
25.9400000000,-0.2164488842
25.9600000000,-0.3431076184
25.9800000000,0.0669796426
26.0000000000,-0.1250102938
26.0200000000,-0.7377184847
26.0400000000,-0.7251002342
26.0600000000,-0.2865421267
26.0800000000,0.2215581364
26.1000000000,0.5068072220
26.1200000000,0.3335541315
26.1400000000,-0.2112863290
26.1600000000,-0.8635369599
26.1800000000,-1.3123289006
26.2000000000,-1.3946382395
26.2200000000,-1.0089550399
26.2400000000,-0.2330314498
26.2600000000,0.5583104326
26.2800000000,0.9134653919
26.3000000000,0.4971795801
26.3200000000,-0.2334748843
26.3400000000,-0.3223529861
26.3600000000,0.0020583297
26.3800000000,0.1724129650
26.4000000000,0.2298543674
26.4200000000,0.2969833009
26.4400000000,0.5635192367
26.4600000000,1.1422327186
26.4800000000,1.4738703525
26.5000000000,1.0305670783
26.5200000000,0.4396502795
26.5400000000,0.1600130324
26.5600000000,0.0029221022
26.5800000000,-0.0729169801
26.6000000000,-0.0747568365
26.6200000000,-0.2014731632
26.6400000000,-0.2439705659
26.6600000000,0.3002937619
26.6800000000,0.9131614288
26.7000000000,0.7898773693
26.7200000000,0.4104769003
26.7400000000,0.2607901082
26.7600000000,0.0243659963
26.7800000000,-0.1815504195
26.8000000000,-0.0335755929
26.8200000000,0.3203068949
26.8400000000,0.3953487500
26.8600000000,-0.0449128570
26.8800000000,-0.5725169347
26.9000000000,-0.8205475660
26.9200000000,-0.7508472469
26.9400000000,-0.4712803089
26.9600000000,-0.3516883326
26.9800000000,-0.4378273392
27.0000000000,-0.4836993092
27.0200000000,-0.2393493707
27.0400000000,0.1630237746
27.0600000000,0.4292572441
27.0800000000,0.6468717519
27.1000000000,0.8268431143
27.1200000000,0.4106428226
27.1400000000,-0.5969044620
27.1600000000,-1.0440089260
27.1800000000,-0.9396437468
27.2000000000,-0.6650268566
27.2200000000,-0.0892653279
27.2400000000,0.5118450192
27.2600000000,0.9724665901
27.2800000000,1.0493445009
27.3000000000,0.7365394307
27.3200000000,0.1526613782
27.3400000000,-0.6277312642
27.3600000000,-1.0478421313
27.3800000000,-0.9158551548
27.4000000000,-0.7983893917
27.4200000000,-0.8648392946
27.4400000000,-0.7058709502
27.4600000000,-0.3320235849
27.4800000000,-0.0976677524
27.5000000000,-0.0767201422
27.5200000000,0.0701653309
27.5400000000,0.5375540761
27.5600000000,0.6872922692
27.5800000000,0.2912515093
27.6000000000,-0.1961326352
27.6200000000,-0.3634326161
27.6400000000,-0.0238091127
27.6600000000,0.3510154379
27.6800000000,0.3515068539
27.7000000000,-0.0308813958
27.7200000000,-0.3935073186
27.7400000000,-0.3239328870
27.7600000000,-0.0587603530
27.7800000000,0.0278331327
27.8000000000,0.0330362015
27.8200000000,0.2619878228
27.8400000000,0.4121567856
27.8600000000,0.1973046883
27.8800000000,-0.0511842647
27.9000000000,-0.2932398103
27.9200000000,-0.3344200842
27.9400000000,0.0662469354
27.9600000000,0.4196776567
27.9800000000,0.4986526849
28.0000000000,0.3804792226
28.0200000000,0.0594499873
28.0400000000,-0.1705265092
28.0600000000,-0.2771063603
28.0800000000,-0.5523991789
28.1000000000,-0.9981691224
28.1200000000,-1.2839622462
28.1400000000,-1.0455966144
28.1600000000,-0.6572087264
28.1800000000,-0.4538572648
28.2000000000,-0.0315885467
28.2200000000,0.5674962620
28.2400000000,0.7971871290
28.2600000000,0.5039145997
28.2800000000,0.0961001018
28.3000000000,-0.1175613352
28.3200000000,-0.1764855996
28.3400000000,-0.1062659769
28.3600000000,-0.0290066023
28.3800000000,0.1978048853
28.4000000000,0.6481147931
28.4200000000,0.7192948424
28.4400000000,0.4076312566
28.4600000000,0.1908194467
28.4800000000,0.0001625522
28.5000000000,-0.1887607279
28.5200000000,-0.4880808371
28.5400000000,-0.7157596908
28.5600000000,-0.3314046146
28.5800000000,0.1079487399
28.6000000000,0.1136159751
28.6200000000,0.0057559598
28.6400000000,-0.1667859728
28.6600000000,-0.5558282976
28.6800000000,-0.8692352708
28.7000000000,-0.6315623082
28.7200000000,-0.1436111680
28.7400000000,0.0695479426
28.7600000000,0.0494531023
28.7800000000,0.0529503194
28.8000000000,0.0556142588
28.8200000000,0.0683322013
28.8400000000,0.1913131898
28.8600000000,0.2574833372
28.8800000000,0.3419186779
28.9000000000,0.5805952367
28.9200000000,0.7282727270
28.9400000000,0.7284370907
28.9600000000,0.6496312505
28.9800000000,0.3895773289
29.0000000000,0.1645547204
29.0200000000,0.0693133593
29.0400000000,-0.0030915633
29.0600000000,0.0689087302
29.0800000000,0.0983037421
29.1000000000,-0.0693569784
29.1200000000,-0.2496857247
29.1400000000,-0.3995231826
29.1600000000,-0.4073840864
29.1800000000,-0.2248029024
29.2000000000,-0.1653970096
29.2200000000,-0.2308290745
29.2400000000,-0.2398940991
29.2600000000,-0.2947041483
29.2800000000,-0.3600206099
29.3000000000,-0.2389658520
29.3200000000,-0.0900209303
29.3400000000,-0.0533865130
29.3600000000,0.0396425144
29.3800000000,0.1164571296
29.4000000000,0.2119532870
29.4200000000,0.4815305810
29.4400000000,0.6758187967
29.4600000000,0.5929926606
29.4800000000,0.4043884596
29.5000000000,0.2977981398
29.5200000000,0.2669803919
29.5400000000,0.3096133437
29.5600000000,0.3775383572
29.5800000000,0.2972480298
29.6000000000,-0.0192367432
29.6200000000,-0.3210504489
29.6400000000,-0.4338536309
29.6600000000,-0.5025612640
29.6800000000,-0.3516473744
29.7000000000,0.0181677484
29.7200000000,0.2647076752
29.7400000000,0.3685426666
29.7600000000,0.3684571587
29.7800000000,0.2694540310
29.8000000000,0.1377335896
29.8200000000,-0.0087198508
29.8400000000,-0.0868538323
29.8600000000,-0.1228715794
29.8800000000,-0.1885215673
29.9000000000,-0.1746937185
29.9200000000,-0.1918673601
29.9400000000,-0.2305820983
29.9600000000,-0.0190506340
29.9800000000,0.2875516973
30.0000000000,0.4080224779
30.0200000000,0.3373222574
30.0400000000,0.2244900563
30.0600000000,0.0575848123
30.0800000000,-0.2182098542
30.1000000000,-0.3853946543
30.1200000000,-0.4065245615
30.1400000000,-0.3589129475
30.1600000000,-0.1851181482
30.1800000000,0.0593462963
30.2000000000,0.2239814022
30.2200000000,0.1790705414
30.2400000000,-0.0224917723
30.2600000000,-0.1945587851
30.2800000000,-0.2481508389
30.3000000000,-0.2801819904
30.3200000000,-0.3273206674
30.3400000000,-0.3057924918
30.3600000000,-0.2086748413
30.3800000000,-0.0285616581
30.4000000000,0.1400512557
30.4200000000,0.1837801863
30.4400000000,0.1306305087
30.4600000000,0.1119734921
30.4800000000,0.1065998856
30.5000000000,0.0278104999
30.5200000000,0.0198433712
30.5400000000,0.0551582848
30.5600000000,-0.0323972681
30.5800000000,-0.1120253593
30.6000000000,-0.0923547263
30.6200000000,-0.0947019001
30.6400000000,-0.1031439038
30.6600000000,-0.0931008678
30.6800000000,-0.1154686639
30.7000000000,-0.1140502914
30.7200000000,-0.0655813331
30.7400000000,0.0292873605
30.7600000000,0.1329282916
30.7800000000,0.0936010421
30.8000000000,-0.0125427418
30.8200000000,0.0070109897
30.8400000000,0.1167076437
30.8600000000,0.2115533736
30.8800000000,0.2732128907
30.9000000000,0.2414061215
30.9200000000,0.1115708516
30.9400000000,0.0315813787
30.9600000000,0.0490916683
30.9800000000,0.1192622512
31.0000000000,0.1350056468
31.0200000000,0.0763389530
31.0400000000,0.0639028264
31.0600000000,0.0630618992
31.0800000000,0.0267175269
31.1000000000,0.0156555766
31.1200000000,0.0222239875
31.1400000000,-0.0084598478
31.1600000000,-0.0695021181
31.1800000000,-0.1330813031
31.2000000000,-0.1352105244
31.2200000000,-0.0889993389
31.2400000000,-0.1043397504
31.2600000000,-0.1112528078
31.2800000000,-0.0440937937
31.3000000000,-0.0101717228
31.3200000000,-0.0525995893
31.3400000000,-0.0873020908
31.3600000000,-0.0452402319
31.3800000000,0.0581198134
31.4000000000,0.1557263641
31.4200000000,0.2056879343
31.4400000000,0.1942349505
31.4600000000,0.1312030179
31.4800000000,0.0524274890
31.5000000000,-0.0134437572
31.5200000000,-0.0137302151
31.5400000000,0.0576067564
31.5600000000,0.0721172440
31.5800000000,-0.0506477446
31.6000000000,-0.1516714796
31.6200000000,-0.1480210355
31.6400000000,-0.1536898201
31.6600000000,-0.1912536939
31.6800000000,-0.2542032331
31.7000000000,-0.2914915496
31.7200000000,-0.2057289433
31.7400000000,-0.0844781286
31.7600000000,-0.0156334424
31.7800000000,0.0460015141
31.8000000000,0.1121680904
31.8200000000,0.1839432465
31.8400000000,0.1907246260
31.8600000000,0.0798669819
31.8800000000,-0.0043948980
31.9000000000,-0.0011852542
31.9200000000,-0.0023778884
31.9400000000,-0.0348890897
31.9600000000,-0.0480402031
31.9800000000,0.0016341116
32.0000000000,0.0886094612
32.0200000000,0.1477533636
32.0400000000,0.1541774821
32.0600000000,0.1427301015
32.0800000000,0.1242581029
32.1000000000,0.0828584332
32.1200000000,0.0436005681
32.1400000000,0.0219094930
32.1600000000,0.0030274872
32.1800000000,0.0170330775
32.2000000000,0.0601634770
32.2200000000,0.0726091089
32.2400000000,0.0465292056
32.2600000000,0.0234209061
32.2800000000,0.0174723412
32.3000000000,0.0046390298
32.3200000000,-0.0155813167
32.3400000000,-0.0179135767
32.3600000000,0.0143961423
32.3800000000,0.0652350966
32.4000000000,0.1315602671
32.4200000000,0.1721167492
32.4400000000,0.1156095946
32.4600000000,-0.0240834255
32.4800000000,-0.1495150184
32.5000000000,-0.1693963148
32.5200000000,-0.1049810065
32.5400000000,-0.0197302834
32.5600000000,0.0419731508
32.5800000000,0.0495481997
32.6000000000,0.0193213052
32.6200000000,-0.0162484404
32.6400000000,-0.0271974534
32.6600000000,-0.0150861478
32.6800000000,-0.0122449805
32.7000000000,-0.0144449802
32.7200000000,-0.0059919951
32.7400000000,0.0055472199
32.7600000000,-0.0038987391
32.7800000000,-0.0160185461
32.8000000000,-0.0022763159
32.8200000000,0.0193818615
32.8400000000,0.0406659611
32.8600000000,0.0383492445
32.8800000000,0.0033718495
32.9000000000,-0.0369405440
32.9200000000,-0.0428199760
32.9400000000,-0.0332343204
32.9600000000,-0.0434657943
32.9800000000,-0.0330430876
33.0000000000,-0.0199957357
33.0200000000,-0.0473788823
33.0400000000,-0.0971506467
33.0600000000,-0.1204170080
33.0800000000,-0.0793833188
33.1000000000,-0.0095990871
33.1200000000,0.0292071217
33.1400000000,0.0379111795
33.1600000000,0.0332007537
33.1800000000,0.0196501611
33.2000000000,0.0098680122
33.2200000000,-0.0063955747
33.2400000000,-0.0097097842
33.2600000000,0.0210272284
33.2800000000,0.0320571671
33.3000000000,0.0254085042
33.3200000000,0.0533041286
33.3400000000,0.0762457544
33.3600000000,0.0371857835
33.3800000000,-0.0328449330
33.4000000000,-0.0693583419
33.4200000000,-0.0683069007
33.4400000000,-0.0559988510
33.4600000000,-0.0416579858
33.4800000000,-0.0366364539
33.5000000000,-0.0315000108
33.5200000000,-0.0084056981
33.5400000000,-0.0030174247
33.5600000000,-0.0296923939
33.5800000000,-0.0273325257
33.6000000000,0.0237155999
33.6200000000,0.0459617254
33.6400000000,-0.0064705053
33.6600000000,-0.0514559778
33.6800000000,-0.0489589086
33.7000000000,-0.0342938201
33.7200000000,0.0057441155
33.7400000000,0.0505305251
33.7600000000,0.0535990240
33.7800000000,0.0346590198
33.8000000000,0.0226628033
33.8200000000,0.0128955075
33.8400000000,-0.0061287969
33.8600000000,-0.0287873644
33.8800000000,-0.0399642353
33.9000000000,-0.0381760162
33.9200000000,-0.0292406475
33.9400000000,-0.0227366945
33.9600000000,-0.0323799203
33.9800000000,-0.0516854170
34.0000000000,-0.0363038943
34.0200000000,0.0166108669
34.0400000000,0.0532706905
34.0600000000,0.0561555824
34.0800000000,0.0455240643
34.1000000000,0.0402925579
34.1200000000,0.0318832858
34.1400000000,0.0153961895
34.1600000000,-0.0034240502
34.1800000000,-0.0293609398
34.2000000000,-0.0384575122
34.2200000000,-0.0325756634
34.2400000000,-0.0433268946
34.2600000000,-0.0457814453
34.2800000000,-0.0190546958
34.3000000000,0.0025603453
34.3200000000,-0.0000274820
34.3400000000,-0.0015777905
34.3600000000,0.0018436392
34.3800000000,-0.0176757101
34.4000000000,-0.0403567144
34.4200000000,-0.0370920385
34.4400000000,-0.0265219763
34.4600000000,-0.0142800836
34.4800000000,0.0000664490
34.5000000000,0.0046645405
34.5200000000,0.0013052505
34.5400000000,-0.0029685147
34.5600000000,-0.0011141184
34.5800000000,0.0078089109
34.6000000000,0.0216829634
34.6200000000,0.0379707878
34.6400000000,0.0465194037
34.6600000000,0.0474897562
34.6800000000,0.0456273553
34.7000000000,0.0328532036
34.7200000000,0.0082994650
34.7400000000,-0.0090676396
34.7600000000,-0.0138474313
34.7800000000,-0.0250511237
34.8000000000,-0.0360839837
34.8200000000,-0.0263117211
34.8400000000,-0.0010236172
34.8600000000,0.0285880697
34.8800000000,0.0393886562
34.9000000000,0.0131644907
34.9200000000,-0.0174743334
34.9400000000,-0.0222466121
34.9600000000,-0.0138713559
34.9800000000,-0.0106402763
35.0000000000,-0.0055336137
35.0200000000,0.0017212859
35.0400000000,-0.0003485828
35.0600000000,0.0026206728
35.0800000000,0.0114058692
35.1000000000,0.0131286463
35.1200000000,0.0117757160
35.1400000000,0.0076404598
35.1600000000,-0.0051580454
35.1800000000,-0.0200301781
35.2000000000,-0.0270542168
35.2200000000,-0.0342146755
35.2400000000,-0.0420679534
35.2600000000,-0.0304050516
35.2800000000,-0.0068005324
35.3000000000,0.0032346590
35.3200000000,0.0024132376
35.3400000000,-0.0061897739
35.3600000000,-0.0216209788
35.3800000000,-0.0295934660
35.4000000000,-0.0261121766
35.4200000000,-0.0168620731
35.4400000000,-0.0052293750
35.4600000000,0.0081293876
35.4800000000,0.0177308641
35.5000000000,0.0163994092
35.5200000000,0.0124269009
35.5400000000,0.0103491689
35.5600000000,0.0028005321
35.5800000000,0.0037836561
35.6000000000,0.0169522892
35.6200000000,0.0168283279
35.6400000000,0.0038793131
35.6600000000,-0.0018730978
35.6800000000,-0.0059413247
35.7000000000,-0.0146881066
35.7200000000,-0.0152846425
35.7400000000,-0.0084108780
35.7600000000,0.0010635546
35.7800000000,0.0102129946
35.8000000000,0.0121681194
35.8200000000,0.0076406117
35.8400000000,0.0026416445
35.8600000000,0.0047632476
35.8800000000,0.0162683520
35.9000000000,0.0280855264
35.9200000000,0.0231798389
35.9400000000,0.0039579598
35.9600000000,-0.0110843958
35.9800000000,-0.0204169866
36.0000000000,-0.0266516144
36.0200000000,-0.0263043980
36.0400000000,-0.0199811344
36.0600000000,-0.0058038413
36.0800000000,0.0087435509
36.1000000000,0.0107319879
36.1200000000,0.0065843501
36.1400000000,0.0047998501
36.1600000000,0.0017165848
36.1800000000,-0.0038624123
36.2000000000,-0.0022804188
36.2200000000,0.0056202579
36.2400000000,0.0104115438
36.2600000000,0.0123439237
36.2800000000,0.0094222035
36.3000000000,0.0052764528
36.3200000000,0.0013252286
36.3400000000,-0.0074408600
36.3600000000,-0.0115215691
36.3800000000,-0.0052812800
36.4000000000,0.0030818888
36.4200000000,0.0078277022
36.4400000000,0.0095445783
36.4600000000,0.0066512679
36.4800000000,-0.0031323733
36.5000000000,-0.0118721151
36.5200000000,-0.0105232329
36.5400000000,-0.0037924020
36.5600000000,-0.0024923019
36.5800000000,-0.0067542323
36.6000000000,-0.0078160078
36.6200000000,-0.0046090262
36.6400000000,-0.0036711268
36.6600000000,-0.0058639700
36.6800000000,-0.0071433552
36.7000000000,-0.0039781646
36.7200000000,-0.0013200670
36.7400000000,-0.0046939531
36.7600000000,-0.0033809127
36.7800000000,0.0028854070
36.8000000000,0.0049729308
36.8200000000,0.0067974251
36.8400000000,0.0076602182
36.8600000000,0.0051125862
36.8800000000,0.0018506552
36.9000000000,0.0001321580
36.9200000000,0.0018284096
36.9400000000,0.0031109583
36.9600000000,0.0004490645
36.9800000000,-0.0049671666
37.0000000000,-0.0112531273
37.0200000000,-0.0117953056
37.0400000000,-0.0057108629
37.0600000000,-0.0007598490
37.0800000000,0.0021761130
37.1000000000,0.0055083313
37.1200000000,0.0084791682
37.1400000000,0.0097352138
37.1600000000,0.0092780135
37.1800000000,0.0065301797
37.2000000000,0.0012903348
37.2200000000,-0.0029452248
37.2400000000,-0.0024308220
37.2600000000,0.0015985365
37.2800000000,0.0031978390
37.3000000000,0.0020583817
37.3200000000,0.0020646984
37.3400000000,0.0015638685
37.3600000000,-0.0005286035
37.3800000000,-0.0011889825
37.4000000000,0.0000124052
37.4200000000,0.0008181915
37.4400000000,0.0001672187
37.4600000000,-0.0006818293
37.4800000000,0.0003299008
37.5000000000,0.0017077498
37.5200000000,0.0014124705
37.5400000000,0.0008414127
37.5600000000,0.0012590984
37.5800000000,0.0019914623
37.6000000000,0.0016079939
37.6200000000,0.0001774378
37.6400000000,-0.0010021062
37.6600000000,-0.0014442602
37.6800000000,-0.0008848818
37.7000000000,0.0000309286
37.7200000000,0.0010420894
37.7400000000,0.0026993074
37.7600000000,0.0035649028
37.7800000000,0.0033054135
37.8000000000,0.0027938495
37.8200000000,0.0020186580
37.8400000000,0.0012458829
37.8600000000,0.0009014580
37.8800000000,0.0007812507
37.9000000000,0.0003997973
37.9200000000,0.0000586734
37.9400000000,-0.0004021435
37.9600000000,-0.0006226984
37.9800000000,-0.0004906211
38.0000000000,-0.0009922473
38.0200000000,-0.0014148755
38.0400000000,-0.0010839008
38.0600000000,-0.0008013129
38.0800000000,-0.0007415456
38.1000000000,-0.0006091326
38.1200000000,-0.0005624059
38.1400000000,-0.0004242674
38.1600000000,-0.0001245893
38.1800000000,0.0001051812
38.2000000000,0.0002569544
38.2200000000,0.0002620040
38.2400000000,0.0002930672
38.2600000000,0.0005909262
38.2800000000,0.0008389415
38.3000000000,0.0008612646
38.3200000000,0.0007984694
38.3400000000,0.0006273403
38.3600000000,0.0002710490
38.3800000000,-0.0000160185
38.4000000000,0.0000280926
38.4200000000,0.0002500271
38.4400000000,0.0004147996
38.4600000000,0.0002292445
38.4800000000,-0.0000295734
38.5000000000,0.0000695886
38.5200000000,0.0002116132
38.5400000000,0.0001276462
38.5600000000,-0.0000400028
38.5800000000,-0.0002220579
38.6000000000,-0.0004252305
38.6200000000,-0.0004490882
38.6400000000,-0.0001527647
38.6600000000,0.0001529710
38.6800000000,0.0002061413
38.7000000000,0.0001393688
38.7200000000,0.0000521698
38.7400000000,0.0000062898
38.7600000000,0.0000658460
38.7800000000,0.0001767612
38.8000000000,0.0002062550
38.8200000000,0.0001223629
38.8400000000,0.0000580102
38.8600000000,0.0000472733
38.8800000000,0.0000347664
38.9000000000,0.0000087712
38.9200000000,-0.0000537653
38.9400000000,-0.0001137826
38.9600000000,-0.0001146002
38.9800000000,-0.0000887159
39.0000000000,-0.0000715450
39.0200000000,-0.0000776493
39.0400000000,-0.0000857251
39.0600000000,-0.0000632586
39.0800000000,-0.0000189856
39.1000000000,0.0000169205
39.1200000000,0.0000225887
39.1400000000,0.0000052965
39.1600000000,-0.0000148192
39.1800000000,-0.0000341581
39.2000000000,-0.0000609092
39.2200000000,-0.0000833309
39.2400000000,-0.0000951625
39.2600000000,-0.0001008870
39.2800000000,-0.0000958069
39.3000000000,-0.0000866151
39.3200000000,-0.0000795495
39.3400000000,-0.0000693578
39.3600000000,-0.0000563411
39.3800000000,-0.0000452757
39.4000000000,-0.0000394618
39.4200000000,-0.0000392802
39.4400000000,-0.0000392535
39.4600000000,-0.0000354588
39.4800000000,-0.0000295587
39.5000000000,-0.0000248040
39.5200000000,-0.0000233505
39.5400000000,-0.0000233065
39.5600000000,-0.0000222135
39.5800000000,-0.0000205841
39.6000000000,-0.0000187903
39.6200000000,-0.0000170438
39.6400000000,-0.0000157500
39.6600000000,-0.0000142409
39.6800000000,-0.0000124396
39.7000000000,-0.0000108072
39.7200000000,-0.0000093458
39.7400000000,-0.0000079390
39.7600000000,-0.0000066476
39.7800000000,-0.0000055340
39.8000000000,-0.0000045398
39.8200000000,-0.0000036618
39.8400000000,-0.0000028936
39.8600000000,-0.0000022054
39.8800000000,-0.0000016038
39.9000000000,-0.0000011000
39.9200000000,-0.0000006949
39.9400000000,-0.0000003861
39.9600000000,-0.0000001696
39.9800000000,0.0000000000
